116.724,84.2399978637695,79.6600036621094,-19.3299999237061,14.8411235809326,147.129760742188,26.0598182678223
159.534,84.4800033569336,79.6600036621094,-19.3299999237061,14.2246837615967,147.190628051758,26.0598182678223
173.435,84.4800033569336,79.6600036621094,-19.0900001525879,14.1896305084229,146.827926635742,25.8532295227051
185.698,84.2399978637695,79.6600036621094,-19.0900001525879,14.8045520782471,146.767196655273,25.8532295227051
203.144,84.4800033569336,79.6600036621094,-19.3299999237061,14.2246837615967,147.190628051758,26.0598182678223
222.55,84.4800033569336,79.6600036621094,-19.3299999237061,14.2246837615967,147.190628051758,26.0598182678223
238.836,84.4800033569336,79.6600036621094,-19.3299999237061,14.2246837615967,147.190628051758,26.0598182678223
250.48,84.4800033569336,79.6600036621094,-19.3299999237061,14.2246837615967,147.190628051758,26.0598182678223
262.413,84.4800033569336,79.6600036621094,-19.3299999237061,14.2246837615967,147.190628051758,26.0598182678223
274.694,84.4800033569336,79.6600036621094,-19.3299999237061,14.2246837615967,147.190628051758,26.0598182678223
287.489,84.4800033569336,79.6600036621094,-19.3299999237061,14.2246837615967,147.190628051758,26.0598182678223
300.957,84.4800033569336,79.6600036621094,-19.3299999237061,14.2246837615967,147.190628051758,26.0598182678223
315.757,84.4800033569336,79.6600036621094,-19.0900001525879,14.1896305084229,146.827926635742,25.8532295227051
332.419,84.4800033569336,79.6600036621094,-19.3299999237061,14.2246837615967,147.190628051758,26.0598182678223
349.161,84.2399978637695,79.6600036621094,-19.0900001525879,14.8045520782471,146.767196655273,25.8532295227051
366.071,84.4800033569336,79.6600036621094,-19.3299999237061,14.2246837615967,147.190628051758,26.0598182678223
383.122,84.4800033569336,79.6600036621094,-19.3299999237061,14.2246837615967,147.190628051758,26.0598182678223
400.096,84.4800033569336,79.6600036621094,-19.3299999237061,14.1896305084229,146.827926635742,25.8532295227051
415.757,84.4800033569336,79.6600036621094,-19.0900001525879,14.2246837615967,147.190628051758,26.0598182678223
428.861,84.4800033569336,79.6600036621094,-19.3299999237061,14.2246837615967,147.190628051758,26.0598182678223
441.861,84.4800033569336,79.6600036621094,-19.3299999237061,14.2246837615967,147.190628051758,26.0598182678223
455.018,84.4800033569336,79.6600036621094,-19.3299999237061,14.2246837615967,147.190628051758,26.0598182678223
468.516,84.4800033569336,79.9000015258789,-19.3299999237061,14.1967802047729,146.901901245117,25.4410095214844
482.877,84.4800033569336,79.6600036621094,-19.3299999237061,14.2246837615967,147.190628051758,26.0598182678223
498.287,84.2399978637695,79.6600036621094,-19.3299999237061,14.8411235809326,147.129760742188,26.0598182678223
515.324,84.4800033569336,79.6600036621094,-19.3299999237061,14.2246837615967,147.190628051758,26.0598182678223
532.236,84.4800033569336,79.6600036621094,-19.3299999237061,14.2246837615967,147.190628051758,26.0598182678223
549.232,84.4800033569336,79.6600036621094,-19.3299999237061,14.2246837615967,147.190628051758,26.0598182678223
566.179,84.4800033569336,79.6600036621094,-19.0900001525879,14.1896305084229,146.827926635742,25.8532295227051
583.239,84.4800033569336,79.6600036621094,-19.0900001525879,14.1896305084229,146.827926635742,25.8532295227051
600.161,84.4800033569336,79.6600036621094,-19.3299999237061,14.2246837615967,147.190628051758,26.0598182678223
617.141,84.4800033569336,79.4199981689453,-19.0900001525879,14.2173681259155,147.114929199219,26.4717464447021
633.944,84.4800033569336,79.6600036621094,-19.3299999237061,14.2246837615967,147.190628051758,26.0598182678223
650.877,84.4800033569336,79.6600036621094,-19.3299999237061,14.2246837615967,147.190628051758,26.0598182678223
667.654,84.4800033569336,79.6600036621094,-19.0900001525879,14.1896305084229,146.827926635742,25.8532295227051
684.6,84.4800033569336,79.6600036621094,-19.0900001525879,14.1896305084229,146.827926635742,25.8532295227051
701.218,84.2399978637695,79.6600036621094,-19.3299999237061,14.8411235809326,147.129760742188,26.0598182678223
718.132,84.4800033569336,79.6600036621094,-19.0900001525879,14.1896305084229,146.827926635742,25.8532295227051
734.957,84.4800033569336,79.6600036621094,-19.3299999237061,14.2246837615967,147.190628051758,26.0598182678223
751.614,84.4800033569336,79.6600036621094,-19.3299999237061,14.2246837615967,147.190628051758,26.0598182678223
768.53,84.4800033569336,79.4199981689453,-19.3299999237061,14.2246837615967,147.190628051758,26.0598182678223
785.348,84.4800033569336,79.6600036621094,-19.3299999237061,14.2246837615967,147.190628051758,26.0598182678223
801.96,84.4800033569336,79.6600036621094,-19.3299999237061,14.2246837615967,147.190628051758,26.0598182678223
818.569,84.4800033569336,79.6600036621094,-19.3299999237061,14.2246837615967,147.190628051758,26.0598182678223
835.247,84.4800033569336,79.6600036621094,-19.3299999237061,14.2246837615967,147.190628051758,26.0598182678223
851.808,84.4800033569336,79.6600036621094,-19.0900001525879,14.1896305084229,146.827926635742,25.8532295227051
868.669,84.4800033569336,79.6600036621094,-19.3299999237061,14.2246837615967,147.190628051758,26.0598182678223
885.524,84.4800033569336,79.6600036621094,-19.3299999237061,14.2246837615967,147.190628051758,26.0598182678223
902.25,84.4800033569336,79.6600036621094,-19.0900001525879,14.1896305084229,146.827926635742,25.8532295227051
918.884,84.4800033569336,79.6600036621094,-19.3299999237061,14.2246837615967,147.190628051758,26.0598182678223
935.462,84.4800033569336,79.6600036621094,-19.0900001525879,14.1896305084229,146.827926635742,25.8532295227051
952.286,84.4800033569336,79.6600036621094,-19.3299999237061,14.2246837615967,147.190628051758,26.0598182678223
967.866,84.4800033569336,79.6600036621094,-19.3299999237061,14.2246837615967,147.190628051758,26.0598182678223
979.933,84.4800033569336,79.6600036621094,-19.3299999237061,14.2246837615967,147.190628051758,26.0598182678223
992.447,84.4800033569336,79.6600036621094,-19.3299999237061,14.2246837615967,147.190628051758,26.0598182678223
1006.187,84.4800033569336,79.6600036621094,-19.3299999237061,14.2246837615967,147.190628051758,26.0598182678223
1022.863,84.4800033569336,79.6600036621094,-19.3299999237061,14.2246837615967,147.190628051758,26.0598182678223
1039.566,84.4800033569336,79.6600036621094,-19.3299999237061,14.2246837615967,147.190628051758,26.0598182678223
1056.574,84.4800033569336,79.6600036621094,-19.3299999237061,14.1896305084229,146.827926635742,25.8532295227051
1073.64,84.4800033569336,79.6600036621094,-19.0900001525879,14.2246837615967,147.190628051758,26.0598182678223
1090.65,84.4800033569336,79.6600036621094,-19.3299999237061,14.8411235809326,147.129760742188,26.0598182678223
1102.536,84.4800033569336,79.6600036621094,-19.3299999237061,14.2246837615967,147.190628051758,26.0598182678223
1114.182,84.4800033569336,79.6600036621094,-19.3299999237061,14.2246837615967,147.190628051758,26.0598182678223
1126.009,84.4800033569336,79.6600036621094,-19.0900001525879,14.1896305084229,146.827926635742,25.8532295227051
1138.174,84.4800033569336,79.6600036621094,-19.3299999237061,14.2246837615967,147.190628051758,26.0598182678223
1150.98,84.4800033569336,79.6600036621094,-19.3299999237061,14.2246837615967,147.190628051758,26.0598182678223
1164.904,84.4800033569336,79.6600036621094,-19.3299999237061,14.2246837615967,147.190628051758,26.0598182678223
1180.387,84.2399978637695,79.6600036621094,-19.3299999237061,14.8411235809326,147.129760742188,26.0598182678223
1195.886,84.4800033569336,79.6600036621094,-19.3299999237061,14.2246837615967,147.190628051758,26.0598182678223
1211.131,84.4800033569336,79.6600036621094,-19.3299999237061,14.2246837615967,147.190628051758,26.0598182678223
1225.798,84.4800033569336,79.6600036621094,-19.3299999237061,14.2246837615967,147.190628051758,26.0598182678223
1237.939,84.4800033569336,79.6600036621094,-19.3299999237061,14.2246837615967,147.190628051758,26.0598182678223
1250.73,84.2399978637695,79.6600036621094,-19.3299999237061,14.8411235809326,147.129760742188,26.0598182678223
1264.793,84.2399978637695,79.6600036621094,-19.3299999237061,14.8411235809326,147.129760742188,26.0598182678223
1282.218,84.2399978637695,79.6600036621094,-19.3299999237061,14.2246837615967,147.190628051758,26.0598182678223
1297.974,84.4800033569336,79.6600036621094,-19.3299999237061,14.2246837615967,147.190628051758,26.0598182678223
1310.037,84.4800033569336,79.6600036621094,-19.3299999237061,14.2246837615967,147.190628051758,26.0598182678223
1322.522,84.4800033569336,79.6600036621094,-19.3299999237061,14.2246837615967,147.190628051758,26.0598182678223
1336.118,84.4800033569336,79.6600036621094,-19.0900001525879,14.1896305084229,146.827926635742,25.8532295227051
1352.528,84.4800033569336,79.6600036621094,-19.0900001525879,14.1896305084229,146.827926635742,25.8532295227051
1369.841,84.2399978637695,79.6600036621094,-19.3299999237061,14.8411235809326,147.129760742188,26.0598182678223
1387.163,84.4800033569336,79.6600036621094,-19.0900001525879,14.1896305084229,146.827926635742,25.8532295227051
1404.663,84.4800033569336,79.6600036621094,-19.3299999237061,14.2246837615967,147.190628051758,26.0598182678223
1421.864,84.4800033569336,79.6600036621094,-19.3299999237061,14.2246837615967,147.190628051758,26.0598182678223
1439.11,84.4800033569336,79.6600036621094,-19.3299999237061,14.2246837615967,147.190628051758,26.0598182678223
1456.274,84.4800033569336,79.6600036621094,-19.3299999237061,14.2246837615967,147.190628051758,26.0598182678223
1473.493,84.4800033569336,79.6600036621094,-19.3299999237061,14.2246837615967,147.190628051758,26.0598182678223
1490.58,84.4800033569336,79.6600036621094,-19.0900001525879,14.1896305084229,146.827926635742,25.8532295227051
1507.805,84.4800033569336,79.6600036621094,-19.3299999237061,14.2246837615967,147.190628051758,26.0598182678223
1524.967,84.4800033569336,79.6600036621094,-19.3299999237061,14.2246837615967,147.190628051758,26.0598182678223
1542.135,84.4800033569336,79.6600036621094,-19.3299999237061,14.2246837615967,147.190628051758,26.0598182678223
1559.448,84.2399978637695,79.6600036621094,-19.0900001525879,14.8045520782471,146.767196655273,25.8532295227051
1576.812,84.4800033569336,79.6600036621094,-19.3299999237061,14.2246837615967,147.190628051758,26.0598182678223
1594.18,84.2399978637695,79.6600036621094,-19.3299999237061,14.8411235809326,147.129760742188,26.0598182678223
1609.948,84.4800033569336,79.6600036621094,-19.3299999237061,14.2246837615967,147.190628051758,26.0598182678223
1621.715,84.4800033569336,79.6600036621094,-19.3299999237061,14.2246837615967,147.190628051758,26.0598182678223
1633.742,84.2399978637695,79.6600036621094,-19.3299999237061,14.8411235809326,147.129760742188,26.0598182678223
1646.267,84.4800033569336,79.6600036621094,-19.3299999237061,14.2246837615967,147.190628051758,26.0598182678223
1659.729,84.4800033569336,79.6600036621094,-19.3299999237061,14.2246837615967,147.190628051758,26.0598182678223
1675.885,84.2399978637695,79.6600036621094,-19.3299999237061,14.8411235809326,147.129760742188,26.0598182678223
1692.586,84.4800033569336,79.6600036621094,-19.3299999237061,14.2246837615967,147.190628051758,26.0598182678223
1709.413,84.4800033569336,79.6600036621094,-19.3299999237061,14.2246837615967,147.190628051758,26.0598182678223
1726.051,84.4800033569336,79.6600036621094,-19.0900001525879,14.2246837615967,147.190628051758,26.0598182678223
1742.783,84.4800033569336,79.6600036621094,-19.3299999237061,14.2246837615967,147.190628051758,26.0598182678223
1759.513,84.4800033569336,79.6600036621094,-19.3299999237061,14.2246837615967,147.190628051758,26.0598182678223
1776.319,84.4800033569336,79.6600036621094,-19.3299999237061,14.2246837615967,147.190628051758,26.0598182678223
1792.984,84.4800033569336,79.6600036621094,-19.3299999237061,14.2246837615967,147.190628051758,26.0598182678223
1809.652,84.4800033569336,79.6600036621094,-19.3299999237061,14.2246837615967,147.190628051758,26.0598182678223
1826.587,84.2399978637695,79.6600036621094,-19.3299999237061,14.8411235809326,147.129760742188,26.0598182678223
1843.43,84.4800033569336,79.6600036621094,-19.3299999237061,14.2246837615967,147.190628051758,26.0598182678223
1860.307,84.4800033569336,79.6600036621094,-19.3299999237061,14.2246837615967,147.190628051758,26.0598182678223
1877.193,84.2399978637695,79.6600036621094,-19.3299999237061,14.8411235809326,147.129760742188,26.0598182678223
1894.101,84.4800033569336,79.6600036621094,-19.3299999237061,14.2246837615967,147.190628051758,26.0598182678223
1910.986,84.2399978637695,79.6600036621094,-19.3299999237061,14.8411235809326,147.129760742188,26.0598182678223
1927.775,84.4800033569336,79.6600036621094,-19.3299999237061,14.2246837615967,147.190628051758,26.0598182678223
1944.462,84.4800033569336,79.6600036621094,-19.3299999237061,14.2246837615967,147.190628051758,26.0598182678223
1961.341,84.2399978637695,79.6600036621094,-19.3299999237061,14.8411235809326,147.129760742188,26.0598182678223
1978.239,84.4800033569336,79.6600036621094,-19.3299999237061,14.2246837615967,147.190628051758,26.0598182678223
1995.108,84.4800033569336,79.6600036621094,-19.3299999237061,14.2246837615967,147.190628051758,26.0598182678223
2011.785,84.4800033569336,79.6600036621094,-19.3299999237061,14.2246837615967,147.190628051758,26.0598182678223
2028.549,84.4800033569336,79.6600036621094,-19.3299999237061,14.2246837615967,147.190628051758,26.0598182678223
2045.447,84.4800033569336,79.6600036621094,-19.0900001525879,14.1896305084229,146.827926635742,25.8532295227051
2068.461,84.4800033569336,79.6600036621094,-19.0900001525879,14.1896305084229,146.827926635742,25.8532295227051
2085.383,84.4800033569336,79.6600036621094,-19.3299999237061,14.2246837615967,147.190628051758,26.0598182678223
2102.137,84.4800033569336,79.6600036621094,-19.3299999237061,14.2246837615967,147.190628051758,26.0598182678223
2117.11,84.4800033569336,79.6600036621094,-19.3299999237061,14.2246837615967,147.190628051758,26.0598182678223
2128.898,84.2399978637695,79.1800003051758,-19.3299999237061,14.898567199707,147.699234008789,27.3010864257812
2140.669,84.2399978637695,79.1800003051758,-19.3299999237061,14.898567199707,147.699234008789,27.3010864257812
2152.535,83.2799987792969,78.2200012207031,-20.0499992370605,17.6268005371094,149.599075317383,30.4537696838379
2164.767,80.879997253418,76.5400009155273,-20.7700004577637,24.3309478759766,151.564376831055,35.5980377197266
2177.607,78,74.379997253418,-21.4899997711182,32.5676307678223,153.21858215332,42.1777458190918
2191.687,78,74.379997253418,-21.4899997711182,40.6464881896973,155.598907470703,51.0799713134766
2208.35,75.3600006103516,71.7399978637695,-22.9300003051758,49.9402618408203,155.919616699219,59.0183334350586
2225.472,72.2399978637695,69.3399963378906,-23.8899993896484,59.2834129333496,155.410736083984,67.8362884521484
2242.957,69.120002746582,66.6999969482422,-24.8500003814697,70.4135971069336,152.949478149414,76.1280975341797
2260.15,61.9199981689453,60.939998626709,-26.7700004577637,80.0896377563477,150.120635986328,87.4075012207031
2277.306,57.5999984741211,58.060001373291,-27.0100002288818,91.3756332397461,143.984924316406,96.3245086669922
2294.478,54.7200012207031,55.4199981689453,-27.9699993133545,98.8081207275391,139.655075073242,105.658210754395
2311.837,49.9199981689453,52.5400009155273,-28.2099990844727,109.775360107422,130.454803466797,114.62158203125
2329.222,46.0800018310547,50.3800010681152,-28.9300003051758,117.992340087891,122.526565551758,122.20036315918
2346.602,42,47.7400016784668,-29.1700000762939,125.445526123047,112.951644897461,130.403289794922
2364.822,38.4000015258789,45.8199996948242,-29.1700000762939,131.286437988281,104.056343078613,136.039031982422
2381.997,34.7999992370605,44.1399993896484,-29.4099998474121,136.602172851562,94.9409637451172,141.337585449219
2399.357,30.9599990844727,42.4599990844727,-29.1700000762939,141.345626831055,84.7947692871094,145.786895751953
2415.092,27.3600006103516,41.2599983215332,-29.1700000762939,149.395263671875,64.277946472168,153.056182861328
2426.891,23.2800006866455,40.060001373291,-29.4099998474121,149.395263671875,64.277946472168,153.056182861328
2439.337,19.6800003051758,39.3400001525879,-29.4099998474121,152.437484741211,54.5204925537109,155.095291137695
2452.323,16.7999992370605,39.3400001525879,-29.4099998474121,154.984283447266,46.7925148010254,155.095291137695
2467.706,13.1999998092651,39.0999984741211,-29.4099998474121,157.370147705078,36.910831451416,155.772918701172
2484.683,11.039999961853,39.0999984741211,-29.4099998474121,158.649490356445,30.9532928466797,155.772918701172
2501.36,8.88000011444092,39.0999984741211,-29.4099998474121,159.703399658203,24.951774597168,155.772918701172
2518.276,7.67999982833862,39.0999984741211,-29.4099998474121,160.19091796875,21.6017265319824,155.772918701172
2535.23,6.96000003814697,39.0999984741211,-29.4099998474121,160.449737548828,19.5870552062988,155.772918701172
2551.99,6.96000003814697,39.0999984741211,-29.4099998474121,160.449737548828,19.5870552062988,155.772918701172
2568.697,6.96000003814697,39.0999984741211,-29.1700000762939,160.378890991211,19.5784072875977,155.360168457031
2585.356,6.96000003814697,39.0999984741211,-29.4099998474121,160.449737548828,19.5870552062988,155.772918701172
2602.335,7.19999980926514,39.0999984741211,-29.1700000762939,160.295471191406,20.2500267028809,155.360168457031
2619.305,7.67999982833862,39.3400001525879,-29.4099998474121,160.441802978516,21.6355571746826,155.095291137695
2636.208,7.67999982833862,39.3400001525879,-29.4099998474121,160.441802978516,21.6355571746826,155.095291137695
2652.941,7.92000007629395,39.3400001525879,-29.4099998474121,160.349761962891,22.3074226379395,155.095291137695
2669.926,7.92000007629395,39.3400001525879,-29.4099998474121,160.349761962891,22.3074226379395,155.095291137695
2686.88,8.15999984741211,39.0999984741211,-29.4099998474121,160.004333496094,22.9429626464844,155.772918701172
2703.747,8.39999961853027,39.3400001525879,-29.4099998474121,159.735961914062,24.2718734741211,155.360168457031
2720.648,8.64000034332275,39.0999984741211,-29.1700000762939,160.056793212891,24.3206214904785,155.095291137695
2737.701,8.64000034332275,39.3400001525879,-29.4099998474121,160.056793212891,24.3206214904785,155.095291137695
2753.023,8.64000034332275,39.3400001525879,-29.4099998474121,160.056793212891,24.3206214904785,155.095291137695
2764.789,8.64000034332275,39.3400001525879,-29.4099998474121,160.056793212891,24.3206214904785,155.095291137695
2777.063,8.64000034332275,39.3400001525879,-29.4099998474121,160.056793212891,24.3206214904785,155.095291137695
2790.223,8.88000011444092,39.3400001525879,-29.1700000762939,159.881301879883,24.9795665740967,154.682846069336
2804.912,8.64000034332275,39.3400001525879,-29.4099998474121,160.056793212891,24.3206214904785,155.095291137695
2821.758,8.64000034332275,39.3400001525879,-29.4099998474121,160.056793212891,24.3206214904785,155.095291137695
2838.542,8.88000011444092,39.3400001525879,-29.4099998474121,159.953521728516,24.990852355957,155.095291137695
2855.204,8.64000034332275,39.3400001525879,-29.4099998474121,160.056793212891,24.3206214904785,155.095291137695
2872.112,8.88000011444092,39.3400001525879,-29.4099998474121,159.953521728516,24.990852355957,155.095291137695
2889.029,8.88000011444092,39.0999984741211,-29.4099998474121,159.703399658203,24.951774597168,155.772918701172
2905.988,8.64000034332275,39.3400001525879,-29.1700000762939,159.984527587891,24.309642791748,154.682846069336
2922.68,8.64000034332275,39.3400001525879,-29.4099998474121,160.056793212891,24.3206214904785,155.095291137695
2939.541,8.64000034332275,39.3400001525879,-29.1700000762939,159.984527587891,24.309642791748,154.682846069336
2956.273,8.39999961853027,39.3400001525879,-29.4099998474121,160.157287597656,23.6499671936035,155.095291137695
2973.272,8.64000034332275,39.3400001525879,-29.4099998474121,160.056793212891,24.3206214904785,155.095291137695
2990.019,8.88000011444092,39.3400001525879,-29.4099998474121,159.953521728516,24.990852355957,155.095291137695
3006.719,8.64000034332275,39.3400001525879,-29.4099998474121,160.056793212891,24.3206214904785,155.095291137695
3023.914,8.64000034332275,39.3400001525879,-29.4099998474121,160.056793212891,24.3206214904785,155.095291137695
3041.39,8.64000034332275,39.3400001525879,-29.4099998474121,159.881301879883,24.9795665740967,154.682846069336
3058.764,8.88000011444092,39.3400001525879,-29.1700000762939,159.881301879883,24.9795665740967,154.682846069336
3076.028,8.88000011444092,39.3400001525879,-29.4099998474121,159.953521728516,24.990852355957,155.095291137695
3093.373,8.64000034332275,39.3400001525879,-29.4099998474121,160.056793212891,24.3206214904785,155.095291137695
3110.846,8.64000034332275,39.3400001525879,-29.4099998474121,160.056793212891,24.3206214904785,155.095291137695
3128.063,8.88000011444092,39.3400001525879,-29.4099998474121,159.953521728516,24.990852355957,155.095291137695
3145.548,8.64000034332275,39.3400001525879,-29.4099998474121,160.056793212891,24.3206214904785,155.095291137695
3157.274,8.64000034332275,39.3400001525879,-29.4099998474121,160.056793212891,24.3206214904785,155.095291137695
3169.041,8.64000034332275,39.0999984741211,-29.1700000762939,159.735961914062,24.2718734741211,155.360168457031
3180.966,8.64000034332275,39.3400001525879,-29.4099998474121,160.056793212891,24.3206214904785,155.095291137695
3193.162,8.64000034332275,39.0999984741211,-29.4099998474121,159.806518554688,24.2825927734375,155.772918701172
3205.82,8.64000034332275,39.0999984741211,-29.4099998474121,159.806518554688,24.2825927734375,155.772918701172
3219.907,8.64000034332275,39.3400001525879,-29.4099998474121,160.056793212891,24.3206214904785,155.095291137695
3235.312,8.64000034332275,39.3400001525879,-29.4099998474121,160.056793212891,24.3206214904785,155.095291137695
3250.585,8.88000011444092,39.0999984741211,-29.1700000762939,159.632888793945,24.9407577514648,155.360168457031
3265.914,8.64000034332275,39.3400001525879,-29.4099998474121,160.056793212891,24.3206214904785,155.095291137695
3281.292,8.64000034332275,39.3400001525879,-29.4099998474121,160.056793212891,24.3206214904785,155.095291137695
3296.464,8.39999961853027,39.3400001525879,-29.4099998474121,160.157287597656,23.6499671936035,155.095291137695
3311.714,8.88000011444092,39.3400001525879,-29.4099998474121,159.953521728516,24.990852355957,155.095291137695
3326.907,8.64000034332275,39.3400001525879,-29.1700000762939,159.984527587891,24.309642791748,154.682846069336
3342.286,8.64000034332275,39.3400001525879,-29.4099998474121,160.056793212891,24.3206214904785,155.095291137695
3357.688,8.64000034332275,39.3400001525879,-29.4099998474121,160.056793212891,24.3206214904785,155.095291137695
3373.172,8.64000034332275,39.3400001525879,-29.4099998474121,160.056793212891,24.3206214904785,155.095291137695
3388.57,8.64000034332275,39.3400001525879,-29.1700000762939,159.984527587891,24.309642791748,154.682846069336
3403.967,8.64000034332275,39.3400001525879,-29.4099998474121,160.056793212891,24.3206214904785,155.095291137695
3419.421,8.64000034332275,39.3400001525879,-29.4099998474121,159.984527587891,24.309642791748,154.682846069336
3434.87,8.64000034332275,39.3400001525879,-29.1700000762939,159.881301879883,24.9795665740967,154.682846069336
3450.163,8.88000011444092,39.3400001525879,-29.1700000762939,160.056793212891,24.3206214904785,155.095291137695
3465.574,8.64000034332275,39.3400001525879,-29.4099998474121,160.056793212891,24.3206214904785,155.095291137695
3481.041,8.64000034332275,39.3400001525879,-29.4099998474121,159.984527587891,24.309642791748,154.682846069336
3496.237,8.64000034332275,39.3400001525879,-29.1700000762939,159.984527587891,24.309642791748,154.682846069336
3511.464,8.64000034332275,39.3400001525879,-29.4099998474121,160.056793212891,24.3206214904785,155.095291137695
3526.499,8.64000034332275,39.3400001525879,-29.4099998474121,160.056793212891,24.3206214904785,155.095291137695
3538.72,8.64000034332275,39.3400001525879,-29.4099998474121,160.056793212891,24.3206214904785,155.095291137695
3551.445,8.64000034332275,39.3400001525879,-29.4099998474121,160.056793212891,24.3206214904785,155.095291137695
3565.536,8.64000034332275,39.3400001525879,-29.1700000762939,159.984527587891,24.309642791748,154.682846069336
3582.8,8.64000034332275,39.0999984741211,-29.4099998474121,159.806518554688,24.2825927734375,155.772918701172
3600.167,8.64000034332275,39.3400001525879,-29.4099998474121,160.056793212891,24.3206214904785,155.095291137695
3617.557,8.88000011444092,39.3400001525879,-29.4099998474121,159.953521728516,24.990852355957,155.095291137695
3634.979,8.64000034332275,39.3400001525879,-29.4099998474121,160.056793212891,24.3206214904785,155.095291137695
3652.141,8.64000034332275,39.3400001525879,-29.4099998474121,160.056793212891,24.3206214904785,155.095291137695
3669.565,8.64000034332275,39.3400001525879,-29.4099998474121,160.056793212891,24.3206214904785,155.095291137695
3684.962,8.64000034332275,39.3400001525879,-29.4099998474121,160.056793212891,24.3206214904785,155.095291137695
3696.698,8.64000034332275,39.0999984741211,-29.4099998474121,159.806518554688,24.2825927734375,155.772918701172
3709.125,8.64000034332275,39.3400001525879,-29.1700000762939,159.984527587891,24.309642791748,154.682846069336
3722.275,8.88000011444092,39.3400001525879,-29.1700000762939,159.881301879883,24.9795665740967,154.682846069336
3737.353,8.88000011444092,39.3400001525879,-29.1700000762939,160.056793212891,24.3206214904785,155.095291137695
3754.045,8.64000034332275,39.3400001525879,-29.4099998474121,160.056793212891,24.3206214904785,155.095291137695
3770.816,8.64000034332275,39.3400001525879,-29.4099998474121,160.056793212891,24.3206214904785,155.095291137695
3787.606,8.64000034332275,39.3400001525879,-29.4099998474121,160.056793212891,24.3206214904785,155.095291137695
3804.667,8.64000034332275,39.3400001525879,-29.4099998474121,160.056793212891,24.3206214904785,155.095291137695
3821.289,8.64000034332275,39.3400001525879,-29.4099998474121,160.056793212891,24.3206214904785,155.095291137695
3838.061,8.88000011444092,39.3400001525879,-29.4099998474121,159.953521728516,24.990852355957,155.095291137695
3854.862,8.88000011444092,39.3400001525879,-29.4099998474121,159.953521728516,24.990852355957,155.095291137695
3871.586,8.88000011444092,39.3400001525879,-29.4099998474121,159.953521728516,24.990852355957,155.095291137695
3888.229,8.64000034332275,39.3400001525879,-29.4099998474121,160.056793212891,24.3206214904785,155.095291137695
3904.949,8.64000034332275,39.3400001525879,-29.4099998474121,160.056793212891,24.3206214904785,155.095291137695
3922.441,8.64000034332275,39.0999984741211,-29.4099998474121,159.806518554688,24.2825927734375,155.772918701172
3939.652,8.64000034332275,39.3400001525879,-29.4099998474121,160.056793212891,24.3206214904785,155.095291137695
3956.76,8.64000034332275,39.3400001525879,-29.4099998474121,160.056793212891,24.3206214904785,155.095291137695
3973.819,8.64000034332275,39.3400001525879,-29.4099998474121,160.056793212891,24.3206214904785,155.095291137695
3990.877,8.64000034332275,39.3400001525879,-29.4099998474121,160.056793212891,24.3206214904785,155.095291137695
4008.116,8.88000011444092,39.0999984741211,-29.4099998474121,159.703399658203,24.951774597168,155.772918701172
4025.52,8.88000011444092,39.3400001525879,-29.4099998474121,159.953521728516,24.990852355957,155.095291137695
4042.845,8.64000034332275,39.3400001525879,-29.4099998474121,159.703399658203,24.951774597168,155.772918701172
4060.25,8.64000034332275,39.0999984741211,-29.4099998474121,159.806518554688,24.2825927734375,155.772918701172
4082.696,8.64000034332275,39.3400001525879,-29.4099998474121,160.056793212891,24.3206214904785,155.095291137695
4100.347,8.64000034332275,39.3400001525879,-29.1700000762939,159.984527587891,24.309642791748,154.682846069336
4117.819,8.64000034332275,39.3400001525879,-29.4099998474121,160.056793212891,24.3206214904785,155.095291137695
4131.963,8.88000011444092,39.3400001525879,-29.4099998474121,159.953521728516,24.990852355957,155.095291137695
4144.468,8.64000034332275,39.0999984741211,-29.4099998474121,159.806518554688,24.2825927734375,155.772918701172
4156.613,8.39999961853027,39.3400001525879,-29.1700000762939,160.0849609375,23.639289855957,154.682846069336
4168.782,8.39999961853027,39.3400001525879,-29.1700000762939,160.0849609375,23.639289855957,154.682846069336
4180.986,7.44000005722046,40.2999992370605,-28.2099990844727,161.093200683594,21.0367240905762,150.322036743164
4193.584,5.51999998092651,41.9799995422363,-26.7700004577637,162.626525878906,15.7164478302002,143.102081298828
4207.424,2.88000011444092,44.1399993896484,-25.8099994659424,164.359634399414,8.26858234405518,135.315063476562
4223.257,0.239999994635582,46.5400009155273,-23.8899993896484,164.871475219727,0.690616130828857,125.274719238281
4240.493,-2.40000009536743,49.9000015258789,-22.2099990844727,164.89485168457,-6.91114139556885,112.943603515625
4257.879,-5.51999998092651,53.5,-20.5300006866455,163.519424438477,-15.8027381896973,100.062286376953
4275.332,-8.39999961853027,55.9000015258789,-19.0900001525879,161.121520996094,-23.7923564910889,91.1475677490234
4292.825,-12,58.5400009155273,-17.4099998474121,157.112411499023,-33.3952713012695,81.4133377075195
4310.317,-15.3599996566772,60.939998626709,-16.4500007629395,153.078002929688,-42.0497589111328,73.4940414428711
4327.844,-18,63.8199996948242,-15.25,148.280822753906,-48.1793632507324,64.1427917480469
4345.135,-20.8799991607666,65.9800033569336,-13.5699996948242,142.336639404297,-54.2961502075195,56.4659233093262
4362.559,-23.5200004577637,67.9000015258789,-12.6099996566772,137.166931152344,-59.6988220214844,50.4179534912109
4380.064,-26.1599998474121,69.3399963378906,-11.6499996185303,128.170440673828,-69.0703887939453,42.4815063476562
4397.433,-28.3199996948242,70.5400009155273,-11.4099998474121,125.18090057373,-71.5757751464844,40.2383308410645
4414.922,-29.7600002288818,71.2600021362305,-10.9300003051758,123.769180297852,-74.2504653930664,39.841381072998
4432.133,-31.4400005340576,71.7399978637695,-11.1700000762939,122.944595336914,-75.1635665893555,39.2372894287109
4449.649,-31.4400005340576,71.7399978637695,-11.1700000762939,122.944595336914,-75.1635665893555,39.2372894287109
4467.12,-31.4400005340576,71.7399978637695,-11.1700000762939,122.944595336914,-75.1635665893555,39.2372894287109
4484.362,-31.4400005340576,71.7399978637695,-10.9300003051758,122.632965087891,-74.9730377197266,39.0322341918945
4501.597,-31.4400005340576,71.7399978637695,-11.1700000762939,122.944595336914,-75.1635665893555,39.2372894287109
4519.125,-31.4400005340576,71.5,-11.1700000762939,123.142807006836,-75.2847366333008,39.841381072998
4536.381,-31.4400005340576,71.7399978637695,-11.1700000762939,122.944595336914,-75.1635665893555,39.2372894287109
4553.827,-31.2000007629395,71.7399978637695,-11.1700000762939,123.258354187012,-74.6479110717773,39.2372894287109
4571.305,-31.4400005340576,71.7399978637695,-11.1700000762939,122.944595336914,-75.1635665893555,39.2372894287109
4588.654,-31.2000007629395,71.7399978637695,-11.1700000762939,122.944595336914,-75.1635665893555,39.2372894287109
4605.921,-31.4400005340576,71.7399978637695,-11.1700000762939,123.142807006836,-75.2847366333008,39.841381072998
4623.421,-31.4400005340576,71.5,-11.1700000762939,123.258354187012,-74.6479110717773,39.2372894287109
4640.877,-31.2000007629395,71.7399978637695,-11.1700000762939,123.258354187012,-74.6479110717773,39.2372894287109
4656.102,-31.2000007629395,71.7399978637695,-11.1700000762939,123.258354187012,-74.6479110717773,39.2372894287109
4667.834,-31.2000007629395,71.7399978637695,-11.1700000762939,123.258354187012,-74.6479110717773,39.2372894287109
4679.522,-31.2000007629395,71.7399978637695,-11.1700000762939,123.258354187012,-74.6479110717773,39.2372894287109
4691.316,-31.2000007629395,71.7399978637695,-11.1700000762939,123.258354187012,-74.6479110717773,39.2372894287109
4702.99,-31.2000007629395,71.7399978637695,-11.1700000762939,123.258354187012,-74.6479110717773,39.2372894287109
4714.767,-31.2000007629395,71.7399978637695,-11.1700000762939,123.258354187012,-74.6479110717773,39.2372894287109
4732.133,-31.2000007629395,71.7399978637695,-11.1700000762939,123.258354187012,-74.6479110717773,39.2372894287109
4749.717,-31.2000007629395,71.7399978637695,-11.1700000762939,123.258354187012,-74.6479110717773,39.2372894287109
4767.143,-31.2000007629395,71.7399978637695,-11.1700000762939,123.258354187012,-74.6479110717773,39.2372894287109
4784.589,-31.2000007629395,71.7399978637695,-11.1700000762939,123.258354187012,-74.6479110717773,39.2372894287109
4801.846,-31.2000007629395,71.5,-11.1700000762939,123.457061767578,-74.7682571411133,39.841381072998
4819.335,-31.4400005340576,71.7399978637695,-11.1700000762939,122.944595336914,-75.1635665893555,39.2372894287109
4836.661,-31.4400005340576,71.7399978637695,-11.1700000762939,122.944595336914,-75.1635665893555,39.2372894287109
4853.877,-31.2000007629395,71.7399978637695,-11.1700000762939,123.258354187012,-74.6479110717773,39.2372894287109
4871.376,-31.4400005340576,71.7399978637695,-10.9300003051758,122.632965087891,-74.9730377197266,39.0322341918945
4888.848,-31.2000007629395,71.7399978637695,-11.1700000762939,123.258354187012,-74.6479110717773,39.2372894287109
4906.339,-31.4400005340576,71.7399978637695,-10.9300003051758,122.632965087891,-74.9730377197266,39.0322341918945
4923.782,-30.9599990844727,71.7399978637695,-11.1700000762939,123.569961547852,-74.1309585571289,39.2372894287109
4941.341,-31.2000007629395,71.7399978637695,-11.1700000762939,123.258354187012,-74.6479110717773,39.2372894287109
4958.8,-31.2000007629395,71.7399978637695,-11.1700000762939,123.258354187012,-74.6479110717773,39.2372894287109
4975.996,-31.2000007629395,71.7399978637695,-11.1700000762939,123.258354187012,-74.6479110717773,39.2372894287109
4993.413,-31.2000007629395,71.7399978637695,-11.1700000762939,123.258354187012,-74.6479110717773,39.2372894287109
5010.762,-30.7199993133545,71.7399978637695,-11.1700000762939,123.879402160645,-73.6127014160156,39.2372894287109
5027.971,-31.2000007629395,71.7399978637695,-11.1700000762939,123.258354187012,-74.6479110717773,39.2372894287109
5045.232,-31.2000007629395,71.5,-11.1700000762939,123.457061767578,-74.7682571411133,39.841381072998
5062.5,-31.2000007629395,71.7399978637695,-10.9300003051758,122.945922851562,-74.4587020874023,39.0322341918945
5080.012,-31.2000007629395,71.5,-11.1700000762939,123.457061767578,-74.7682571411133,39.841381072998
5097.226,-31.2000007629395,71.7399978637695,-10.9300003051758,122.945922851562,-74.4587020874023,39.0322341918945
5114.457,-30.9599990844727,71.7399978637695,-11.1700000762939,123.258354187012,-74.6479110717773,39.2372894287109
5131.747,-31.2000007629395,71.7399978637695,-11.1700000762939,123.258354187012,-74.6479110717773,39.2372894287109
5148.975,-31.2000007629395,71.7399978637695,-11.1700000762939,123.258354187012,-74.6479110717773,39.2372894287109
5166.193,-31.2000007629395,71.7399978637695,-11.1700000762939,123.258354187012,-74.6479110717773,39.2372894287109
5183.5,-31.2000007629395,71.7399978637695,-11.1700000762939,123.258354187012,-74.6479110717773,39.2372894287109
5200.904,-31.4400005340576,71.7399978637695,-11.1700000762939,122.944595336914,-75.1635665893555,39.2372894287109
5218.248,-31.2000007629395,71.7399978637695,-11.1700000762939,123.258354187012,-74.6479110717773,39.2372894287109
5235.534,-31.2000007629395,71.7399978637695,-11.1700000762939,123.258354187012,-74.6479110717773,39.2372894287109
5252.986,-31.2000007629395,71.7399978637695,-11.1700000762939,123.258354187012,-74.6479110717773,39.2372894287109
5270.331,-31.2000007629395,71.7399978637695,-11.1700000762939,123.258354187012,-74.6479110717773,39.2372894287109
5287.573,-31.2000007629395,71.7399978637695,-10.9300003051758,122.945922851562,-74.4587020874023,39.0322341918945
5304.973,-31.2000007629395,71.5,-11.1700000762939,123.457061767578,-74.7682571411133,39.841381072998
5322.197,-31.2000007629395,71.7399978637695,-11.1700000762939,123.457061767578,-74.7682571411133,39.841381072998
5339.463,-31.2000007629395,71.5,-11.1700000762939,123.457061767578,-74.7682571411133,39.841381072998
5356.697,-31.2000007629395,71.5,-11.1700000762939,123.457061767578,-74.7682571411133,39.841381072998
5373.988,-31.2000007629395,71.7399978637695,-10.9300003051758,122.945922851562,-74.4587020874023,39.0322341918945
5391.457,-31.2000007629395,71.7399978637695,-11.1700000762939,123.258354187012,-74.6479110717773,39.2372894287109
5408.611,-31.2000007629395,71.5,-10.9300003051758,123.145370483398,-74.5794982910156,39.6347999572754
5426.034,-31.2000007629395,71.7399978637695,-11.1700000762939,123.258354187012,-74.6479110717773,39.2372894287109
5443.539,-31.2000007629395,71.7399978637695,-11.1700000762939,123.258354187012,-74.6479110717773,39.2372894287109
5460.818,-31.2000007629395,71.7399978637695,-11.1700000762939,123.258354187012,-74.6479110717773,39.2372894287109
5478.185,-31.2000007629395,71.7399978637695,-11.1700000762939,123.258354187012,-74.6479110717773,39.2372894287109
5495.575,-31.2000007629395,71.5,-11.1700000762939,123.457061767578,-74.7682571411133,39.841381072998
5513.056,-31.2000007629395,71.5,-11.1700000762939,123.457061767578,-74.7682571411133,39.841381072998
5530.31,-31.2000007629395,71.7399978637695,-11.1700000762939,123.258354187012,-74.6479110717773,39.2372894287109
5547.701,-31.2000007629395,71.7399978637695,-11.1700000762939,122.944595336914,-75.1635665893555,39.2372894287109
5564.927,-31.4400005340576,71.7399978637695,-11.1700000762939,123.258354187012,-74.6479110717773,39.2372894287109
5581.998,-31.2000007629395,71.7399978637695,-11.1700000762939,123.258354187012,-74.6479110717773,39.2372894287109
5599.315,-31.2000007629395,71.7399978637695,-11.1700000762939,123.258354187012,-74.6479110717773,39.2372894287109
5616.557,-31.2000007629395,71.7399978637695,-11.1700000762939,123.258354187012,-74.6479110717773,39.2372894287109
5633.907,-31.2000007629395,71.7399978637695,-10.9300003051758,122.945922851562,-74.4587020874023,39.0322341918945
5651.242,-31.2000007629395,71.7399978637695,-11.1700000762939,123.258354187012,-74.6479110717773,39.2372894287109
5668.396,-31.2000007629395,71.5,-10.9300003051758,123.145370483398,-74.5794982910156,39.6347999572754
5685.809,-31.2000007629395,71.7399978637695,-11.1700000762939,123.258354187012,-74.6479110717773,39.2372894287109
5703.103,-31.2000007629395,71.7399978637695,-11.1700000762939,123.258354187012,-74.6479110717773,39.2372894287109
5720.739,-31.2000007629395,71.7399978637695,-11.1700000762939,123.258354187012,-74.6479110717773,39.2372894287109
5737.96,-31.2000007629395,71.5,-11.1700000762939,123.258354187012,-74.6479110717773,39.2372894287109
5753.053,-31.2000007629395,71.7399978637695,-11.1700000762939,123.258354187012,-74.6479110717773,39.2372894287109
5764.773,-31.2000007629395,71.7399978637695,-11.1700000762939,123.258354187012,-74.6479110717773,39.2372894287109
5776.831,-31.4400005340576,71.7399978637695,-11.1700000762939,122.944595336914,-75.1635665893555,39.2372894287109
5789.737,-31.2000007629395,71.7399978637695,-11.1700000762939,123.258354187012,-74.6479110717773,39.2372894287109
5804.129,-31.2000007629395,71.5,-11.1700000762939,123.457061767578,-74.7682571411133,39.841381072998
5820.615,-31.2000007629395,71.5,-11.1700000762939,123.258354187012,-74.6479110717773,39.2372894287109
5837.15,-31.6800003051758,71.5,-11.1700000762939,122.826370239258,-75.7999038696289,39.841381072998
5852.815,-31.2000007629395,71.5,-11.1700000762939,123.457061767578,-74.7682571411133,39.841381072998
5864.86,-31.2000007629395,71.7399978637695,-11.1700000762939,123.258354187012,-74.6479110717773,39.2372894287109
5877.361,-31.2000007629395,71.7399978637695,-11.1700000762939,123.258354187012,-74.6479110717773,39.2372894287109
5890.815,-31.2000007629395,71.5,-10.9300003051758,123.145370483398,-74.5794982910156,39.6347999572754
5906.956,-31.4400005340576,71.7399978637695,-11.1700000762939,122.944595336914,-75.1635665893555,39.2372894287109
5923.647,-31.2000007629395,71.7399978637695,-11.1700000762939,123.258354187012,-74.6479110717773,39.2372894287109
5940.416,-31.2000007629395,71.7399978637695,-11.1700000762939,123.258354187012,-74.6479110717773,39.2372894287109
5957.076,-30.9599990844727,71.7399978637695,-11.1700000762939,123.569961547852,-74.1309585571289,39.2372894287109
5973.683,-31.4400005340576,71.7399978637695,-11.1700000762939,122.944595336914,-75.1635665893555,39.2372894287109
5990.285,-31.2000007629395,71.7399978637695,-11.1700000762939,123.258354187012,-74.6479110717773,39.2372894287109
6006.935,-31.2000007629395,71.7399978637695,-11.1700000762939,123.258354187012,-74.6479110717773,39.2372894287109
6023.464,-31.2000007629395,71.5,-11.1700000762939,123.457061767578,-74.7682571411133,39.841381072998
6040.231,-31.2000007629395,71.5,-11.1700000762939,123.258354187012,-74.6479110717773,39.2372894287109
6056.839,-31.2000007629395,71.7399978637695,-11.1700000762939,123.258354187012,-74.6479110717773,39.2372894287109
6073.517,-31.2000007629395,71.7399978637695,-11.1700000762939,123.258354187012,-74.6479110717773,39.2372894287109
6094.812,-31.2000007629395,71.7399978637695,-11.1700000762939,123.258354187012,-74.6479110717773,39.2372894287109
6111.478,-31.2000007629395,71.7399978637695,-11.1700000762939,123.258354187012,-74.6479110717773,39.2372894287109
6128.144,-31.2000007629395,71.7399978637695,-11.1700000762939,123.258354187012,-74.6479110717773,39.2372894287109
6144.799,-31.2000007629395,71.5,-10.9300003051758,123.145370483398,-74.5794982910156,39.6347999572754
6161.48,-31.2000007629395,72.2200012207031,-11.1700000762939,122.854446411133,-74.4032974243164,38.0320472717285
6178.195,-29.7600002288818,72.9400024414062,-11.8900003433228,125.011993408203,-71.4791946411133,36.8330497741699
6194.974,-27.8400001525879,73.9000015258789,-12.8500003814697,127.759429931641,-67.4739303588867,35.2272148132324
6211.675,-24.7199993133545,75.3399963378906,-13.8100004196167,134.110580444336,-54.4021339416504,31.1838855743408
6228.314,-22.0799999237061,76.0599975585938,-14.5299997329712,138.172546386719,-45.5357398986816,29.7548694610596
6245.098,-18.2399997711182,77.0199966430664,-15.7299995422363,140.57536315918,-39.8848419189453,28.730583190918
6261.761,-15.8400001525879,77.7399978637695,-16.6900005340576,142.69694519043,-30.9564743041992,27.2989692687988
6278.337,-12.2399997711182,78.4599990844727,-17.1700000762939,144.202301025391,-20.677116394043,24.8432998657227
6295.197,-4.55999994277954,80.379997253418,-18.3700008392334,145.064895629883,-11.5697202682495,23.4083480834961
6312.067,-0.479999989271164,80.620002746582,-19.0900001525879,146.327621459961,-1.22590029239655,23.3914680480957
6328.903,3.59999990463257,80.620002746582,-19.3299999237061,146.411102294922,9.21140480041504,23.5919227600098
6345.551,7.44000005722046,80.620002746582,-19.3299999237061,145.465515136719,18.9959468841553,23.5919227600098
6362.355,11.7600002288818,80.620002746582,-19.3299999237061,143.621337890625,29.8994331359863,23.5919227600098
6379.037,15.6000003814697,80.620002746582,-19.3299999237061,141.296508789062,39.4506950378418,23.5919227600098
6395.554,19.6800003051758,80.620002746582,-19.3299999237061,138.13151550293,49.4038505554199,23.5919227600098
6412.337,23.2800006866455,80.620002746582,-19.3299999237061,134.756881713867,57.9797172546387,23.5919227600098
6429.064,27.8400001525879,80.620002746582,-19.3299999237061,129.720733642578,68.509765625,23.5919227600098
6445.745,31.6800003051758,80.620002746582,-19.3299999237061,124.841384887695,77.0434265136719,23.5919227600098
6462.319,36.2400016784668,80.620002746582,-19.3299999237061,118.321029663086,86.7248229980469,23.5919227600098
6478.895,40.0800018310547,80.620002746582,-19.3299999237061,112.24739074707,94.4541320800781,23.5919227600098
6495.727,44.1599998474121,80.620002746582,-19.3299999237061,105.242584228516,102.201072692871,23.5919227600098
6512.475,48.2400016784668,80.8600006103516,-19.3299999237061,97.504264831543,109.205917358398,22.9780559539795
6529.197,52.560001373291,80.8600006103516,-19.3299999237061,89.0010986328125,116.240341186523,22.9780559539795
6548.939,60.2400016784668,80.620002746582,-19.3299999237061,72.8174743652344,127.352561950684,23.5919227600098
6560.817,60.2400016784668,80.620002746582,-19.3299999237061,72.8174743652344,127.352561950684,23.5919227600098
6572.447,63.8400001525879,80.8600006103516,-19.3299999237061,64.544807434082,131.403884887695,22.9780559539795
6584.469,67.4400024414062,80.620002746582,-19.3299999237061,56.2817764282227,135.474807739258,23.5919227600098
6596.963,70.8000030517578,80.620002746582,-19.3299999237061,48.2449111938477,138.540557861328,23.5919227600098
6610.665,70.8000030517578,80.620002746582,-19.3299999237061,39.4506874084473,141.296508789062,23.5919227600098
6626.863,74.4000015258789,80.620002746582,-19.3299999237061,39.4506874084473,141.296508789062,23.5919227600098
6644.127,76.8000030517578,80.620002746582,-19.3299999237061,26.8850860595703,144.21598815918,23.5919227600098
6661.401,79.4400024414062,80.620002746582,-19.3299999237061,21.4304733276367,145.126815795898,23.5919227600098
6678.768,81.5999984741211,80.620002746582,-19.3299999237061,15.9453735351562,145.831436157227,23.5919227600098
6696.123,85.4400024414062,80.620002746582,-19.3299999237061,11.6631288528442,146.236221313477,23.5919227600098
6713.553,86.1600036621094,80.620002746582,-19.3299999237061,9.82460308074951,146.371231079102,23.5919227600098
6731.039,86.1600036621094,80.620002746582,-19.3299999237061,9.82460308074951,146.371231079102,23.5919227600098
6748.414,86.1600036621094,80.8600006103516,-19.3299999237061,9.80448436737061,146.071502685547,22.9780559539795
6765.699,86.1600036621094,80.620002746582,-19.3299999237061,9.82460308074951,146.371231079102,23.5919227600098
6783.074,86.1600036621094,80.8600006103516,-19.3299999237061,9.80448436737061,146.071502685547,22.9780559539795
6800.478,86.1600036621094,80.8600006103516,-19.3299999237061,9.80448436737061,146.071502685547,22.9780559539795
6817.857,86.1600036621094,80.620002746582,-19.3299999237061,9.82460308074951,146.371231079102,23.5919227600098
6835.056,86.1600036621094,80.620002746582,-19.3299999237061,9.82460308074951,146.371231079102,23.5919227600098
6852.4,86.1600036621094,80.620002746582,-19.3299999237061,9.80448436737061,146.071502685547,22.9780559539795
6869.853,86.1600036621094,80.620002746582,-19.3299999237061,9.82460308074951,146.371231079102,23.5919227600098
6887.226,86.1600036621094,80.620002746582,-19.3299999237061,9.80448436737061,146.071502685547,22.9780559539795
6904.341,86.1600036621094,80.8600006103516,-19.3299999237061,9.80448436737061,146.071502685547,22.9780559539795
6921.641,86.1600036621094,80.620002746582,-19.3299999237061,9.82460308074951,146.371231079102,23.5919227600098
6939.047,86.1600036621094,80.620002746582,-19.3299999237061,9.82460308074951,146.371231079102,23.5919227600098
6956.389,86.1600036621094,80.8600006103516,-19.3299999237061,9.80448436737061,146.071502685547,22.9780559539795
6973.793,86.1600036621094,80.620002746582,-19.3299999237061,9.82460308074951,146.371231079102,23.5919227600098
6991.393,86.1600036621094,80.620002746582,-19.3299999237061,9.82460308074951,146.371231079102,23.5919227600098
7007.045,86.1600036621094,80.620002746582,-19.3299999237061,9.82460308074951,146.371231079102,23.5919227600098
7018.876,86.1600036621094,80.620002746582,-19.3299999237061,9.82460308074951,146.371231079102,23.5919227600098
7030.969,86.1600036621094,80.620002746582,-19.3299999237061,9.82460308074951,146.371231079102,23.5919227600098
7043.942,85.9199981689453,80.8600006103516,-19.3299999237061,10.4162759780884,146.029144287109,22.9780559539795
7058.186,85.9199981689453,80.8600006103516,-19.3299999237061,9.82460308074951,146.371231079102,23.5919227600098
7075.412,86.1600036621094,80.620002746582,-19.3299999237061,9.82460308074951,146.371231079102,23.5919227600098
7092.532,86.1600036621094,80.620002746582,-19.3299999237061,9.82460308074951,146.371231079102,23.5919227600098
7109.759,86.1600036621094,80.620002746582,-19.3299999237061,9.82460308074951,146.371231079102,23.5919227600098
7126.961,85.9199981689453,80.620002746582,-19.3299999237061,10.4376497268677,146.32878112793,23.5919227600098
7144.021,85.9199981689453,80.620002746582,-19.3299999237061,10.4376497268677,146.32878112793,23.5919227600098
7161.13,85.9199981689453,80.8600006103516,-19.3299999237061,10.4162759780884,146.029144287109,22.9780559539795
7178.539,85.9199981689453,80.620002746582,-19.3299999237061,10.4376497268677,146.32878112793,23.5919227600098
7195.867,85.9199981689453,80.8600006103516,-19.3299999237061,10.4162759780884,146.029144287109,22.9780559539795
7213.253,85.9199981689453,80.620002746582,-19.3299999237061,10.4376497268677,146.32878112793,23.5919227600098
7230.492,85.9199981689453,80.620002746582,-19.3299999237061,10.4376497268677,146.32878112793,23.5919227600098
7247.572,85.9199981689453,80.620002746582,-19.3299999237061,10.4376497268677,146.32878112793,23.5919227600098
7264.726,86.1600036621094,80.620002746582,-19.3299999237061,9.82460308074951,146.371231079102,23.5919227600098
7282.053,86.1600036621094,80.620002746582,-19.3299999237061,10.4162759780884,146.029144287109,22.9780559539795
7299.512,85.9199981689453,80.8600006103516,-19.3299999237061,10.4376497268677,146.32878112793,23.5919227600098
7316.733,85.9199981689453,80.620002746582,-19.3299999237061,9.82460308074951,146.371231079102,23.5919227600098
7334.086,85.9199981689453,80.620002746582,-19.3299999237061,10.4376497268677,146.32878112793,23.5919227600098
7351.443,85.9199981689453,80.620002746582,-19.3299999237061,10.4376497268677,146.32878112793,23.5919227600098
7368.867,85.9199981689453,80.620002746582,-19.3299999237061,10.4376497268677,146.32878112793,23.5919227600098
7386.237,85.9199981689453,80.620002746582,-19.3299999237061,10.4376497268677,146.32878112793,23.5919227600098
7403.609,85.9199981689453,80.620002746582,-19.3299999237061,10.4376497268677,146.32878112793,23.5919227600098
7420.881,86.1600036621094,80.620002746582,-19.3299999237061,9.82460308074951,146.371231079102,23.5919227600098
7438.145,85.9199981689453,80.620002746582,-19.3299999237061,10.4376497268677,146.32878112793,23.5919227600098
7455.311,85.9199981689453,80.620002746582,-19.3299999237061,10.4376497268677,146.32878112793,23.5919227600098
7472.474,85.9199981689453,80.8600006103516,-19.3299999237061,10.4162759780884,146.029144287109,22.9780559539795
7489.702,85.9199981689453,80.8600006103516,-19.3299999237061,10.4162759780884,146.029144287109,22.9780559539795
7506.81,85.9199981689453,80.8600006103516,-19.3299999237061,10.4376497268677,146.32878112793,23.5919227600098
7524.196,85.9199981689453,80.620002746582,-19.3299999237061,10.4376497268677,146.32878112793,23.5919227600098
7541.427,85.9199981689453,80.8600006103516,-19.3299999237061,10.4162759780884,146.029144287109,22.9780559539795
7558.954,85.9199981689453,80.620002746582,-19.3299999237061,10.4376497268677,146.32878112793,23.5919227600098
7576.433,85.9199981689453,80.8600006103516,-19.3299999237061,10.4162759780884,146.029144287109,22.9780559539795
7593.93,85.9199981689453,80.8600006103516,-19.3299999237061,10.4162759780884,146.029144287109,22.9780559539795
7611.203,85.9199981689453,80.620002746582,-19.3299999237061,10.4376497268677,146.32878112793,23.5919227600098
7628.623,85.9199981689453,80.620002746582,-19.3299999237061,10.4376497268677,146.32878112793,23.5919227600098
7645.98,85.9199981689453,80.620002746582,-19.3299999237061,10.4376497268677,146.32878112793,23.5919227600098
7663.557,85.9199981689453,80.620002746582,-19.3299999237061,10.4376497268677,146.32878112793,23.5919227600098
7680.928,86.1600036621094,80.620002746582,-19.3299999237061,9.82460308074951,146.371231079102,23.5919227600098
7698.283,85.9199981689453,80.620002746582,-19.3299999237061,10.4376497268677,146.32878112793,23.5919227600098
7715.778,85.9199981689453,80.620002746582,-19.3299999237061,10.4376497268677,146.32878112793,23.5919227600098
7733.092,85.9199981689453,80.620002746582,-19.3299999237061,10.4162759780884,146.029144287109,22.9780559539795
7750.564,85.9199981689453,80.620002746582,-19.3299999237061,10.4376497268677,146.32878112793,23.5919227600098
7765.968,85.9199981689453,80.620002746582,-19.3299999237061,10.4376497268677,146.32878112793,23.5919227600098
7777.777,85.9199981689453,80.8600006103516,-19.3299999237061,10.4162759780884,146.029144287109,22.9780559539795
7790.024,85.9199981689453,80.8600006103516,-19.3299999237061,10.4162759780884,146.029144287109,22.9780559539795
7802.727,85.9199981689453,80.620002746582,-19.3299999237061,10.4376497268677,146.32878112793,23.5919227600098
7817.063,85.9199981689453,80.620002746582,-19.3299999237061,10.4376497268677,146.32878112793,23.5919227600098
7833.726,85.9199981689453,80.620002746582,-19.3299999237061,10.4376497268677,146.32878112793,23.5919227600098
7850.617,85.9199981689453,80.620002746582,-19.3299999237061,10.4376497268677,146.32878112793,23.5919227600098
7867.378,85.9199981689453,80.620002746582,-19.3299999237061,10.4376497268677,146.32878112793,23.5919227600098
7884.037,85.9199981689453,80.620002746582,-19.3299999237061,10.4376497268677,146.32878112793,23.5919227600098
7900.741,85.9199981689453,80.620002746582,-19.3299999237061,10.4376497268677,146.32878112793,23.5919227600098
7917.413,85.9199981689453,80.620002746582,-19.3299999237061,10.4376497268677,146.32878112793,23.5919227600098
7934.205,85.9199981689453,80.8600006103516,-19.3299999237061,10.4162759780884,146.029144287109,22.9780559539795
7949.913,85.9199981689453,80.620002746582,-19.3299999237061,10.4376497268677,146.32878112793,23.5919227600098
7961.79,85.9199981689453,80.620002746582,-19.3299999237061,10.4376497268677,146.32878112793,23.5919227600098
7974.214,85.9199981689453,80.620002746582,-19.3299999237061,10.4376497268677,146.32878112793,23.5919227600098
7987.358,85.9199981689453,80.620002746582,-19.3299999237061,10.4376497268677,146.32878112793,23.5919227600098
8002.522,85.9199981689453,80.620002746582,-19.3299999237061,10.4376497268677,146.32878112793,23.5919227600098
8019.255,85.9199981689453,80.620002746582,-19.3299999237061,10.4376497268677,146.32878112793,23.5919227600098
8035.991,85.9199981689453,80.8600006103516,-19.3299999237061,10.4162759780884,146.029144287109,22.9780559539795
8052.67,85.9199981689453,80.620002746582,-19.3299999237061,10.4376497268677,146.32878112793,23.5919227600098
8069.518,85.9199981689453,80.620002746582,-19.3299999237061,10.4376497268677,146.32878112793,23.5919227600098
8086.121,85.9199981689453,80.620002746582,-19.3299999237061,10.4376497268677,146.32878112793,23.5919227600098
0,0,0,0,0,0,0
0,0,0,0,0,0,0
0,0,0,0,0,0,0
0,0,0,0,0,0,0
0,0,0,0,0,0,0
0,0,0,0,0,0,0
0,0,0,0,0,0,0
0,0,0,0,0,0,0
0,0,0,0,0,0,0
0,0,0,0,0,0,0
0,0,0,0,0,0,0
0,0,0,0,0,0,0
0,0,0,0,0,0,0
0,0,0,0,0,0,0
0,0,0,0,0,0,0
0,0,0,0,0,0,0
0,0,0,0,0,0,0
0,0,0,0,0,0,0
0,0,0,0,0,0,0
0,0,0,0,0,0,0
0,0,0,0,0,0,0
0,0,0,0,0,0,0
0,0,0,0,0,0,0
0,0,0,0,0,0,0
0,0,0,0,0,0,0
0,0,0,0,0,0,0
0,0,0,0,0,0,0
0,0,0,0,0,0,0
0,0,0,0,0,0,0
0,0,0,0,0,0,0
0,0,0,0,0,0,0
0,0,0,0,0,0,0
0,0,0,0,0,0,0
0,0,0,0,0,0,0
0,0,0,0,0,0,0
0,0,0,0,0,0,0
0,0,0,0,0,0,0
0,0,0,0,0,0,0
0,0,0,0,0,0,0
0,0,0,0,0,0,0
0,0,0,0,0,0,0
0,0,0,0,0,0,0
0,0,0,0,0,0,0
0,0,0,0,0,0,0
0,0,0,0,0,0,0
0,0,0,0,0,0,0
0,0,0,0,0,0,0
0,0,0,0,0,0,0
0,0,0,0,0,0,0
0,0,0,0,0,0,0
0,0,0,0,0,0,0
0,0,0,0,0,0,0
0,0,0,0,0,0,0
0,0,0,0,0,0,0
0,0,0,0,0,0,0
0,0,0,0,0,0,0
0,0,0,0,0,0,0
0,0,0,0,0,0,0
0,0,0,0,0,0,0
0,0,0,0,0,0,0
0,0,0,0,0,0,0
0,0,0,0,0,0,0
0,0,0,0,0,0,0
0,0,0,0,0,0,0
0,0,0,0,0,0,0
0,0,0,0,0,0,0
0,0,0,0,0,0,0
0,0,0,0,0,0,0
0,0,0,0,0,0,0
0,0,0,0,0,0,0
0,0,0,0,0,0,0
0,0,0,0,0,0,0
0,0,0,0,0,0,0
0,0,0,0,0,0,0
0,0,0,0,0,0,0
0,0,0,0,0,0,0
0,0,0,0,0,0,0
0,0,0,0,0,0,0
0,0,0,0,0,0,0
0,0,0,0,0,0,0
0,0,0,0,0,0,0
0,0,0,0,0,0,0
0,0,0,0,0,0,0
0,0,0,0,0,0,0
0,0,0,0,0,0,0
0,0,0,0,0,0,0
0,0,0,0,0,0,0
0,0,0,0,0,0,0
0,0,0,0,0,0,0
0,0,0,0,0,0,0
0,0,0,0,0,0,0
0,0,0,0,0,0,0
0,0,0,0,0,0,0
0,0,0,0,0,0,0
0,0,0,0,0,0,0
0,0,0,0,0,0,0
0,0,0,0,0,0,0
0,0,0,0,0,0,0
0,0,0,0,0,0,0
0,0,0,0,0,0,0
0,0,0,0,0,0,0
0,0,0,0,0,0,0
0,0,0,0,0,0,0
0,0,0,0,0,0,0
0,0,0,0,0,0,0
0,0,0,0,0,0,0
0,0,0,0,0,0,0
0,0,0,0,0,0,0
0,0,0,0,0,0,0
0,0,0,0,0,0,0
0,0,0,0,0,0,0
0,0,0,0,0,0,0
0,0,0,0,0,0,0
0,0,0,0,0,0,0
0,0,0,0,0,0,0
0,0,0,0,0,0,0
0,0,0,0,0,0,0
0,0,0,0,0,0,0
0,0,0,0,0,0,0
0,0,0,0,0,0,0
0,0,0,0,0,0,0
0,0,0,0,0,0,0
0,0,0,0,0,0,0
0,0,0,0,0,0,0
0,0,0,0,0,0,0
0,0,0,0,0,0,0
0,0,0,0,0,0,0
0,0,0,0,0,0,0
0,0,0,0,0,0,0
0,0,0,0,0,0,0
0,0,0,0,0,0,0
0,0,0,0,0,0,0
0,0,0,0,0,0,0
0,0,0,0,0,0,0
0,0,0,0,0,0,0
0,0,0,0,0,0,0
0,0,0,0,0,0,0
0,0,0,0,0,0,0
0,0,0,0,0,0,0
0,0,0,0,0,0,0
0,0,0,0,0,0,0
0,0,0,0,0,0,0
0,0,0,0,0,0,0
0,0,0,0,0,0,0
0,0,0,0,0,0,0
0,0,0,0,0,0,0
0,0,0,0,0,0,0
0,0,0,0,0,0,0
0,0,0,0,0,0,0
0,0,0,0,0,0,0
0,0,0,0,0,0,0
0,0,0,0,0,0,0
0,0,0,0,0,0,0
0,0,0,0,0,0,0
0,0,0,0,0,0,0
0,0,0,0,0,0,0
0,0,0,0,0,0,0
0,0,0,0,0,0,0
0,0,0,0,0,0,0
0,0,0,0,0,0,0
0,0,0,0,0,0,0
0,0,0,0,0,0,0
0,0,0,0,0,0,0
0,0,0,0,0,0,0
0,0,0,0,0,0,0
0,0,0,0,0,0,0
0,0,0,0,0,0,0
0,0,0,0,0,0,0
0,0,0,0,0,0,0
0,0,0,0,0,0,0
0,0,0,0,0,0,0
0,0,0,0,0,0,0
0,0,0,0,0,0,0
0,0,0,0,0,0,0
0,0,0,0,0,0,0
0,0,0,0,0,0,0
0,0,0,0,0,0,0
0,0,0,0,0,0,0
0,0,0,0,0,0,0
0,0,0,0,0,0,0
0,0,0,0,0,0,0
0,0,0,0,0,0,0
0,0,0,0,0,0,0
0,0,0,0,0,0,0
0,0,0,0,0,0,0
0,0,0,0,0,0,0
0,0,0,0,0,0,0
0,0,0,0,0,0,0
0,0,0,0,0,0,0
0,0,0,0,0,0,0
0,0,0,0,0,0,0
0,0,0,0,0,0,0
0,0,0,0,0,0,0
0,0,0,0,0,0,0
0,0,0,0,0,0,0
0,0,0,0,0,0,0
0,0,0,0,0,0,0
0,0,0,0,0,0,0
0,0,0,0,0,0,0
0,0,0,0,0,0,0
0,0,0,0,0,0,0
0,0,0,0,0,0,0
0,0,0,0,0,0,0
0,0,0,0,0,0,0
0,0,0,0,0,0,0
0,0,0,0,0,0,0
0,0,0,0,0,0,0
